,name,dntp_conc,dna_conc,dv_conc,mv_conc,tm_method,salt_method,loss
A,0.3382333219051361,72.25033640861511,0.38913455605506897,0.6161280274391174,breslauer,schildkraut,0.03708769008517265
B,0.33735689520835876,518.7779664993286,0.7941319346427917,0.24279983341693878,breslauer,owczarzy,0.038651544600725174
C,0.39437711238861084,757.3409676551819,0.6556436419487,0.32300320267677307,breslauer,santalucia,0.034236520528793335
D,0.17463280260562897,399.91044998168945,0.6407384276390076,0.509857177734375,santalucia,schildkraut,0.03416978567838669
E,0.3983854353427887,652.7906060218811,0.48113664984703064,0.2672242224216461,santalucia,owczarzy,0.03158743679523468
F,0.3141472637653351,706.3186764717102,0.2739807665348053,0.7796542644500732,santalucia,santalucia,0.030414331704378128
